{
  "openapi": "3.0.0",
  "info": {
    "title": "Hindsight Search API",
    "version": "1.0.0"
  },
  "servers": [
    {
      "url": "http://127.0.0.1:5000"
    }
  ],
  "paths": {
    "/search": {
      "post": {
        "summary": "Performs a hybrid search on the Hindsight archive",
        "operationId": "search",
        "requestBody": {
          "required": true,
          "content": {
            "application/json": {
              "schema": {
                "type": "object",
                "properties": {
                  "query": {
                    "type": "string",
                    "description": "The user's natural language search query."
                  }
                }
              }
            }
          }
        },
        "responses": {
          "200": {
            "description": "A successful search response.",
            "content": {
              "application/json": {
                "schema": {
                  "type": "array",
                  "items": {
                    "type": "object",
                    "properties": {
                      "source": { "type": "string" },
                      "content": { "type": "string" },
                      "distance": { "type": "number" }
                    }
                  }
                }
              }
            }
          }
        }
      }
    }
  }
}
